date,game_id,team,week,name,pass_type,x,y,q,time,detail
2019-09-08,2019090803,baltimore-ravens,1,Lamar Jackson,COMPLETE,17.1183503,-1.701583499,1,12:50:00 PM,(12:50) (Shotgun) L.Jackson pass short right to N.Boyle to MIA 19 for 3 yards (E.Rowe).
2019-09-08,2019090803,baltimore-ravens,1,Lamar Jackson,COMPLETE,20.20474801,5.461561335,1,12:19:00 AM,(:19) (Shotgun) L.Jackson pass short right to M.Brown to MIA 49 for 14 yards (B.McCain).
2019-09-08,2019090803,baltimore-ravens,1,Lamar Jackson,TOUCHDOWN,-4.156181107,8.650093782,1,8:46:00 AM,"(8:46) (Shotgun) L.Jackson pass short middle to M.Brown for 47 yards, TOUCHDOWN. Penalty on MIA-M.Fitzpatrick, Illegal Use of Hands, declined."
2019-09-08,2019090803,baltimore-ravens,1,Lamar Jackson,TOUCHDOWN,-3.647405928,39.4196691,1,4:28:00 AM,"(4:28) (Shotgun) L.Jackson pass deep middle to M.Brown for 83 yards, TOUCHDOWN."
2019-09-08,2019090803,baltimore-ravens,1,Lamar Jackson,COMPLETE,18.85763944,6.747948777,1,2:09:00 PM,(14:09) (Shotgun) L.Jackson pass short right to H.Hurst to MIA 33 for 7 yards (S.Eguavoen).
2019-09-08,2019090803,baltimore-ravens,1,Lamar Jackson,COMPLETE,13.70020228,9.679589226,1,1:34:00 AM,(1:34) (Shotgun) L.Jackson pass short right to M.Andrews to BLT 32 for 9 yards (E.Rowe).
2019-09-08,2019090803,baltimore-ravens,1,Lamar Jackson,COMPLETE,-23.07315132,1.881371077,2,7:43:00 AM,(7:43) (Shotgun) L.Jackson pass short left to M.Brown to MIA 5 for 3 yards (X.Howard; C.Harris).
2019-09-08,2019090803,baltimore-ravens,1,Lamar Jackson,TOUCHDOWN,12.141217,14.44607747,2,6:56:00 AM,"(6:56) (Shotgun) L.Jackson pass short middle to M.Boykin for 5 yards, TOUCHDOWN. Penalty on MIA-M.Fitzpatrick, Defensive Holding, declined."
2019-09-08,2019090803,baltimore-ravens,1,Lamar Jackson,INCOMPLETE,24.05743201,39.52983539,2,3:38:00 AM,(3:38) (Shotgun) L.Jackson pass incomplete deep right to M.Brown.
2019-09-08,2019090803,baltimore-ravens,1,Lamar Jackson,COMPLETE,12.97438749,6.345878026,2,3:31:00 AM,(3:31) (Shotgun) L.Jackson pass short right to M.Andrews to BLT 30 for 6 yards (R.Jones).
2019-09-08,2019090803,baltimore-ravens,1,Lamar Jackson,TOUCHDOWN,7.144002515,35.03515089,2,1:56:00 PM,"(13:56) (Shotgun) L.Jackson pass deep middle to W.Snead for 33 yards, TOUCHDOWN."
2019-09-08,2019090803,baltimore-ravens,1,Lamar Jackson,COMPLETE,-3.513331034,7.784283755,3,12:37:00 PM,(12:37) (Shotgun) L.Jackson pass short middle to M.Andrews to MIA 47 for 20 yards (B.McCain; M.Fitzpatrick).
2019-09-08,2019090803,baltimore-ravens,1,Lamar Jackson,INCOMPLETE,10.29873969,3.492063492,3,12:32:00 AM,(:32) (Shotgun) L.Jackson pass incomplete short right to W.Snead (C.Lammons).
2019-09-08,2019090803,baltimore-ravens,1,Lamar Jackson,COMPLETE,17.76404039,1.607514824,3,10:56:00 AM,(10:56) (Shotgun) L.Jackson pass short right to M.Andrews to MIA 41 for 6 yards (M.Fitzpatrick).
2019-09-08,2019090803,baltimore-ravens,1,Lamar Jackson,COMPLETE,10.62979597,4.04128793,3,10:26:00 AM,(10:26) (Shotgun) L.Jackson pass short middle to M.Andrews to MIA 37 for 4 yards (M.Fitzpatrick).
2019-09-08,2019090803,baltimore-ravens,1,Lamar Jackson,COMPLETE,8.401819539,30.22773291,3,8:50:00 AM,(8:50) (Shotgun) L.Jackson pass deep middle to M.Andrews to MIA 1 for 39 yards (E.Rowe).
2019-09-08,2019090803,baltimore-ravens,1,Lamar Jackson,INCOMPLETE,15.9390679,8.321246123,3,8:03:00 AM,(8:03) L.Jackson pass incomplete short right.
2019-09-08,2019090803,baltimore-ravens,1,Lamar Jackson,TOUCHDOWN,-10.12307497,1.706209969,3,7:58:00 AM,"(7:58) L.Jackson pass short left to P.Ricard for 1 yard, TOUCHDOWN."
2019-09-08,2019090803,baltimore-ravens,1,Lamar Jackson,COMPLETE,-10.29584722,12.20656494,3,3:55:00 AM,(3:55) (Shotgun) L.Jackson pass short left to M.Andrews to BLT 33 for 21 yards (X.Howard; J.Baker).
2019-09-08,2019090803,baltimore-ravens,1,Lamar Jackson,COMPLETE,2.911419,10.08613239,3,3:12:00 AM,(3:12) (Shotgun) L.Jackson pass short right to H.Hurst to MIA 44 for 23 yards (W.Aikens).
2019-09-15,2019091500,baltimore-ravens,2,Lamar Jackson,COMPLETE,0.7767815,8.685931872,1,12:02:00 PM,"(12:02) (Shotgun) L.Jackson pass short middle to N.Boyle to BLT 20 for 14 yards (B.Murphy, H.Reddick)."
2019-09-15,2019091500,baltimore-ravens,2,Lamar Jackson,COMPLETE,-4.466558956,16.81669765,1,10:42:00 AM,(10:42) (Shotgun) L.Jackson pass deep middle to M.Brown to BLT 39 for 18 yards (B.Murphy; D.Swearinger).
2019-09-15,2019091500,baltimore-ravens,2,Lamar Jackson,COMPLETE,-23.42210337,6.60569077,1,9:23:00 AM,(9:23) (Shotgun) L.Jackson pass short left to M.Brown ran ob at ARZ 36 for 6 yards.
2019-09-15,2019091500,baltimore-ravens,2,Lamar Jackson,COMPLETE,12.21360672,1.221217423,1,8:55:00 AM,(8:55) (Shotgun) L.Jackson pass short right to M.Brown to ARZ 27 for 9 yards (B.Murphy; D.Swearinger).
2019-09-15,2019091500,baltimore-ravens,2,Lamar Jackson,TOUCHDOWN,25.03662775,18.39584558,1,8:12:00 AM,"(8:12) (Shotgun) L.Jackson pass deep right to M.Andrews for 27 yards, TOUCHDOWN."
2019-09-15,2019091500,baltimore-ravens,2,Lamar Jackson,COMPLETE,20.61399801,5.270970836,1,5:56:00 AM,(5:56) (Shotgun) L.Jackson pass short right to M.Brown to ARZ 42 for 6 yards (T.Brock).
2019-09-15,2019091500,baltimore-ravens,2,Lamar Jackson,INCOMPLETE,23.63352798,15.50355774,1,4:39:00 AM,(4:39) (Shotgun) L.Jackson pass incomplete deep right to M.Brown.
2019-09-15,2019091500,baltimore-ravens,2,Lamar Jackson,INCOMPLETE,-14.50964108,28.62207446,1,2:18:00 AM,(2:18) (Shotgun) L.Jackson pass incomplete deep left to M.Brown.
2019-09-15,2019091500,baltimore-ravens,2,Lamar Jackson,COMPLETE,0.808119887,21.39172016,1,1:53:00 AM,"(1:53) (Shotgun) L.Jackson pass deep middle to M.Andrews to BLT 44 for 26 yards (B.Baker; D.Swearinger). FUMBLES (B.Baker), and recovers at BLT 46. M.Andrews to BLT 46 for no gain (B.Baker). Arizona challenged the pass completion ruling, and the play was Upheld. The ruling on the field stands. (Timeout #1.)"
2019-09-15,2019091500,baltimore-ravens,2,Lamar Jackson,INCOMPLETE,-10.51283011,16.50936855,2,3:00:00 PM,(15:00) (Shotgun) L.Jackson pass incomplete deep middle to J.Hill (H.Reddick).
2019-09-15,2019091500,baltimore-ravens,2,Lamar Jackson,COMPLETE,-2.897715738,5.554367825,2,2:54:00 PM,"(14:54) (Shotgun) L.Jackson pass short middle to M.Andrews to ARZ 15 for 8 yards (J.Hicks, H.Reddick)."
2019-09-15,2019091500,baltimore-ravens,2,Lamar Jackson,INCOMPLETE,-10.11451527,21.73878811,2,7:50:00 AM,(7:50) (Shotgun) L.Jackson pass incomplete deep left to M.Brown.
2019-09-15,2019091500,baltimore-ravens,2,Lamar Jackson,COMPLETE,7.513914349,12.4396981,2,6:18:00 AM,(6:18) (Shotgun) L.Jackson pass short middle to M.Andrews to ARZ 32 for 24 yards (B.Baker).
2019-09-15,2019091500,baltimore-ravens,2,Lamar Jackson,COMPLETE,21.9628112,15.50738734,2,5:43:00 AM,(5:43) (Shotgun) L.Jackson pass deep right to M.Ingram to ARZ 12 for 20 yards (D.Swearinger).
2019-09-15,2019091500,baltimore-ravens,2,Lamar Jackson,COMPLETE,13.4778216,-1.381120349,2,4:29:00 AM,(4:29) (Shotgun) L.Jackson pass short right to J.Hill to ARZ 01 for 10 yards (J.Hicks).
2019-09-15,2019091500,baltimore-ravens,2,Lamar Jackson,TOUCHDOWN,7.383338626,1.869593516,2,3:53:00 AM,"(3:53) L.Jackson pass short middle to H.Hurst for 1 yard, TOUCHDOWN."
2019-09-15,2019091500,baltimore-ravens,2,Lamar Jackson,INCOMPLETE,-19.01460372,23.27914694,3,3:00:00 PM,(15:00) (Shotgun) L.Jackson pass incomplete deep left to M.Boykin.
2019-09-15,2019091500,baltimore-ravens,2,Lamar Jackson,COMPLETE,-5.410343072,-5.516198239,3,1:41:00 PM,(13:41) (Shotgun) L.Jackson pass short left to M.Andrews to BLT 29 for -2 yards (H.Reddick).
2019-09-15,2019091500,baltimore-ravens,2,Lamar Jackson,COMPLETE,15.28241602,-1.466247739,3,8:16:00 AM,(8:16) (Shotgun) L.Jackson pass short right to P.Ricard to BLT 24 for 3 yards (B.Baker).
2019-09-15,2019091500,baltimore-ravens,2,Lamar Jackson,COMPLETE,16.38243137,-0.744301994,3,7:28:00 AM,(7:28) (Shotgun) L.Jackson pass short right to M.Ingram to BLT 34 for 10 yards (B.Murphy).
2019-09-15,2019091500,baltimore-ravens,2,Lamar Jackson,COMPLETE,-16.46205765,-3.607915801,3,5:41:00 AM,(5:41) (Shotgun) L.Jackson pass short left to M.Brown to ARZ 46 for 3 yards (B.Murphy).
2019-09-15,2019091500,baltimore-ravens,2,Lamar Jackson,INCOMPLETE,,,3,4:56:00 AM,(4:56) (Shotgun) L.Jackson pass incomplete deep right.
2019-09-15,2019091500,baltimore-ravens,2,Lamar Jackson,COMPLETE,-11.12896992,9.046837239,3,4:48:00 AM,(4:48) (Shotgun) L.Jackson pass short middle to M.Andrews to ARZ 37 for 9 yards (H.Reddick).
2019-09-15,2019091500,baltimore-ravens,2,Lamar Jackson,COMPLETE,19.66515309,-1.358560613,3,3:34:00 AM,(3:34) (Shotgun) L.Jackson pass short right to M.Brown to ARZ 25 for 3 yards (T.Brock).
2019-09-15,2019091500,baltimore-ravens,2,Lamar Jackson,INCOMPLETE,0.395537767,3.29159318,3,2:09:00 AM,(2:09) (Shotgun) L.Jackson pass incomplete short middle to M.Boykin.
2019-09-15,2019091500,baltimore-ravens,2,Lamar Jackson,COMPLETE,-4.199324435,7.317306955,3,2:07:00 AM,(2:07) (Shotgun) L.Jackson pass short middle to M.Andrews to ARZ 14 for 8 yards (J.Hicks).
2019-09-15,2019091500,baltimore-ravens,2,Lamar Jackson,INCOMPLETE,-10.8759267,-2.823444192,3,1:05:00 AM,(1:05) (Shotgun) L.Jackson pass incomplete short middle to N.Boyle (Cha.Jones).
2019-09-15,2019091500,baltimore-ravens,2,Lamar Jackson,INCOMPLETE,0.099837754,15.98793279,3,1:01:00 AM,(1:01) (Shotgun) L.Jackson pass incomplete deep middle to N.Boyle (J.Hicks).
2019-09-15,2019091500,baltimore-ravens,2,Lamar Jackson,COMPLETE,-14.67058522,5.087679516,4,12:16:00 PM,(12:16) (Shotgun) L.Jackson pass short left to M.Andrews pushed ob at BLT 37 for 10 yards (J.Hicks).
2019-09-15,2019091500,baltimore-ravens,2,Lamar Jackson,COMPLETE,-24.07340481,12.14313798,4,11:43:00 AM,(11:43) (Shotgun) L.Jackson pass short left to M.Boykin ran ob at BLT 48 for 11 yards (B.Murphy).
2019-09-15,2019091500,baltimore-ravens,2,Lamar Jackson,INCOMPLETE,-10.74758039,13.60270103,4,9:55:00 AM,(9:55) (Shotgun) L.Jackson pass incomplete short middle to M.Andrews.
2019-09-15,2019091500,baltimore-ravens,2,Lamar Jackson,INCOMPLETE,,,4,9:50:00 AM,(9:50) (Shotgun) L.Jackson pass incomplete short right.
2019-09-15,2019091500,baltimore-ravens,2,Lamar Jackson,COMPLETE,7.300891248,4.705181372,4,9:46:00 AM,(9:46) (Shotgun) L.Jackson pass short middle to W.Snead to ARZ 33 for 5 yards (B.Murphy).
2019-09-15,2019091500,baltimore-ravens,2,Lamar Jackson,INCOMPLETE,-10.40763608,6.55766878,4,7:30:00 AM,(7:30) (Shotgun) L.Jackson pass incomplete short middle to M.Brown (B.Murphy).
2019-09-15,2019091500,baltimore-ravens,2,Lamar Jackson,COMPLETE,-13.17071594,-0.366913681,4,4:48:00 AM,(4:48) (Shotgun) L.Jackson pass short left to M.Brown to ARZ 45 for no gain (B.Baker).
2019-09-15,2019091500,baltimore-ravens,2,Lamar Jackson,INCOMPLETE,1.153367596,6.942666553,4,4:00:00 AM,"(4:00) (Shotgun) L.Jackson pass incomplete short middle to M.Brown (B.Murphy). Baltimore challenged the play for possible defensive pass interference, and the play was Upheld. The ruling on the field stands. (Timeout #2.)"
2019-09-15,2019091500,baltimore-ravens,2,Lamar Jackson,COMPLETE,23.58049321,33.56701399,4,3:05:00 AM,(3:05) (Shotgun) L.Jackson pass deep right to M.Brown to ARZ 15 for 41 yards (T.Brock).
2019-09-22,2019092204,baltimore-ravens,3,Lamar Jackson,COMPLETE,13.45443651,2.604594634,1,10:54:00 AM,(10:54) (Shotgun) L.Jackson pass short right to H.Hurst to BLT 19 for 3 yards (D.Wilson).
2019-09-22,2019092204,baltimore-ravens,3,Lamar Jackson,COMPLETE,3.285361126,9.072164948,1,10:14:00 AM,(10:14) (Shotgun) L.Jackson pass short right to N.Boyle to BLT 42 for 23 yards (D.Lee).
2019-09-22,2019092204,baltimore-ravens,3,Lamar Jackson,INCOMPLETE,1.277091264,39.10464433,1,9:36:00 AM,(9:36) (Shotgun) L.Jackson pass incomplete deep middle to M.Brown.
2019-09-22,2019092204,baltimore-ravens,3,Lamar Jackson,INCOMPLETE,21.39000758,32.52118852,1,7:19:00 AM,(7:19) (Shotgun) L.Jackson pass incomplete deep right to M.Brown.
2019-09-22,2019092204,baltimore-ravens,3,Lamar Jackson,COMPLETE,-0.84985347,4.770211422,1,6:35:00 AM,(6:35) (Shotgun) L.Jackson pass short middle to M.Andrews to KC 16 for 5 yards (T.Mathieu).
2019-09-22,2019092204,baltimore-ravens,3,Lamar Jackson,INCOMPLETE,26.80627984,18.41569332,1,6:11:00 AM,(6:11) (Shotgun) L.Jackson pass incomplete deep right to M.Andrews.
2019-09-22,2019092204,baltimore-ravens,3,Lamar Jackson,INCOMPLETE,12.90896667,15.05126267,1,6:06:00 AM,(6:06) (Shotgun) L.Jackson pass incomplete deep right to N.Boyle.
2019-09-22,2019092204,baltimore-ravens,3,Lamar Jackson,INCOMPLETE,23.57656664,28.47001764,2,1:42:00 PM,(13:42) (Shotgun) L.Jackson pass incomplete deep right to M.Brown.
2019-09-22,2019092204,baltimore-ravens,3,Lamar Jackson,COMPLETE,5.504665124,5.084883441,2,1:34:00 PM,"(13:34) (Shotgun) L.Jackson pass short middle to M.Andrews to BLT 35 for 6 yards (T.Mathieu; B.Niemann). Kansas City challenged the first down ruling, and the play was REVERSED. (Shotgun) L.Jackson pass short middle to M.Andrews to BLT 34 for 5 yards (T.Mathieu; B.Niemann)."
2019-09-22,2019092204,baltimore-ravens,3,Lamar Jackson,COMPLETE,9.181182991,-5.002184977,2,11:59:00 AM,(11:59) (Shotgun) L.Jackson pass short right to M.Ingram to BLT 44 for 6 yards (X.Williams).
2019-09-22,2019092204,baltimore-ravens,3,Lamar Jackson,INCOMPLETE,16.61662773,2.037825669,2,10:38:00 AM,(10:38) (Shotgun) L.Jackson pass incomplete short right to M.Brown.
2019-09-22,2019092204,baltimore-ravens,3,Lamar Jackson,INCOMPLETE,16.03123927,-0.954861111,2,6:07:00 AM,(6:07) (Shotgun) L.Jackson pass incomplete short right to J.Hill (T.Mathieu).
2019-09-22,2019092204,baltimore-ravens,3,Lamar Jackson,COMPLETE,-6.811644917,1.56357306,2,5:18:00 AM,(5:18) (Shotgun) L.Jackson pass short left to N.Boyle to BLT 43 for 9 yards (B.Niemann).
2019-09-22,2019092204,baltimore-ravens,3,Lamar Jackson,COMPLETE,-9.854743203,5.186719304,2,2:17:00 AM,(2:17) (Shotgun) L.Jackson pass short left to H.Hurst to BLT 36 for 11 yards (T.Mathieu).
2019-09-22,2019092204,baltimore-ravens,3,Lamar Jackson,INCOMPLETE,-1.005372068,9.640945201,2,2:00:00 AM,(2:00) (Shotgun) L.Jackson pass incomplete short middle to M.Andrews (T.Mathieu).
2019-09-22,2019092204,baltimore-ravens,3,Lamar Jackson,COMPLETE,-14.37784937,4.858647163,2,1:55:00 AM,(1:55) (Shotgun) L.Jackson pass short left to W.Snead pushed ob at BLT 49 for 13 yards (A.Hitchens).
2019-09-22,2019092204,baltimore-ravens,3,Lamar Jackson,INCOMPLETE,2.638704262,-3.647854203,2,1:45:00 AM,(1:45) (Shotgun) L.Jackson pass incomplete short right to J.Hill.
2019-09-22,2019092204,baltimore-ravens,3,Lamar Jackson,INCOMPLETE,-17.99659758,19.41385931,2,1:42:00 AM,(1:42) (Shotgun) L.Jackson pass incomplete deep left to W.Snead (B.Niemann) [E.Ogbah].
2019-09-22,2019092204,baltimore-ravens,3,Lamar Jackson,INCOMPLETE,2.792196631,29.00352734,2,1:34:00 AM,(1:34) (Shotgun) L.Jackson pass incomplete deep middle to H.Hurst.
2019-09-22,2019092204,baltimore-ravens,3,Lamar Jackson,INCOMPLETE,26.05372487,27.95941113,3,10:49:00 AM,(10:49) (Shotgun) L.Jackson pass incomplete deep right to H.Hurst.
2019-09-22,2019092204,baltimore-ravens,3,Lamar Jackson,INCOMPLETE,-8.641561305,4.291255014,3,6:33:00 AM,(6:33) (Shotgun) L.Jackson pass incomplete short left to M.Brown (E.Ogbah).
2019-09-22,2019092204,baltimore-ravens,3,Lamar Jackson,COMPLETE,-4.093422178,3.307958104,3,2:07:00 AM,(2:07) (Shotgun) L.Jackson pass short middle to N.Boyle to BLT 40 for 15 yards (A.Hitchens).
2019-09-22,2019092204,baltimore-ravens,3,Lamar Jackson,COMPLETE,7.143325581,3.91159612,3,12:44:00 AM,(:44) (Shotgun) L.Jackson pass short right to N.Boyle to BLT 39 for 11 yards (K.Fuller).
2019-09-22,2019092204,baltimore-ravens,3,Lamar Jackson,COMPLETE,10.41694238,13.32766684,3,12:05:00 AM,(:05) (Shotgun) L.Jackson pass short right to M.Brown to KC 43 for 18 yards (B.Breeland).
2019-09-22,2019092204,baltimore-ravens,3,Lamar Jackson,INCOMPLETE,19.5411603,29.73104056,4,2:31:00 PM,(14:31) (Shotgun) L.Jackson pass incomplete deep right to M.Brown.
2019-09-22,2019092204,baltimore-ravens,3,Lamar Jackson,COMPLETE,-10.99690473,-6.250814738,4,1:54:00 PM,(13:54) (Shotgun) L.Jackson pass short left to G.Edwards to KC 27 for 5 yards (K.Fuller).
2019-09-22,2019092204,baltimore-ravens,3,Lamar Jackson,INCOMPLETE,-15.37423184,3.387600054,4,1:28:00 PM,"(13:28) (No Huddle, Shotgun) L.Jackson pass incomplete short left to W.Snead."
2019-09-22,2019092204,baltimore-ravens,3,Lamar Jackson,INCOMPLETE,-6.507785769,6.264012196,4,1:25:00 PM,(13:25) (Shotgun) L.Jackson pass incomplete short left to J.Hill.
2019-09-22,2019092204,baltimore-ravens,3,Lamar Jackson,COMPLETE,15.92425271,24.10506557,4,1:21:00 PM,"(13:21) (Shotgun) L.Jackson pass deep right to S.Roberts to KC 2 for 25 yards (K.Fuller) [J.Thornhill]. Kansas City challenged the play for possible offensive pass interference, and the play was Upheld. The ruling on the field stands. (Timeout #1.)"
2019-09-22,2019092204,baltimore-ravens,3,Lamar Jackson,COMPLETE,25.02300258,26.73044865,4,9:36:00 AM,(9:36) (Shotgun) L.Jackson pass deep right to M.Brown ran ob at KC 32 for 31 yards (B.Breeland).
2019-09-22,2019092204,baltimore-ravens,3,Lamar Jackson,INCOMPLETE,26.65865438,37.43939258,4,9:27:00 AM,(9:27) (Shotgun) L.Jackson pass incomplete deep right to M.Brown.
2019-09-22,2019092204,baltimore-ravens,3,Lamar Jackson,COMPLETE,14.23262303,3.37515465,4,8:55:00 AM,(8:55) (Shotgun) L.Jackson pass short right to M.Ingram to KC 39 for 3 yards (B.Breeland).
2019-09-22,2019092204,baltimore-ravens,3,Lamar Jackson,COMPLETE,-21.12583947,20.27656512,4,8:13:00 AM,(8:13) (Shotgun) L.Jackson pass deep left to W.Snead to KC 16 for 23 yards (C.Ward).
2019-09-22,2019092204,baltimore-ravens,3,Lamar Jackson,INCOMPLETE,16.15056992,27.58456564,4,7:39:00 AM,(7:39) (Shotgun) L.Jackson pass incomplete deep right to M.Andrews.
2019-09-22,2019092204,baltimore-ravens,3,Lamar Jackson,INCOMPLETE,-0.595923099,16.87368775,4,7:34:00 AM,(7:34) (Shotgun) L.Jackson pass incomplete deep middle to H.Hurst (T.Mathieu).
2019-09-22,2019092204,baltimore-ravens,3,Lamar Jackson,COMPLETE,-18.8774188,0.371861971,4,4:30:00 AM,(4:30) (Shotgun) L.Jackson pass short left to M.Ingram to BLT 40 for 10 yards (D.Sorensen).
2019-09-22,2019092204,baltimore-ravens,3,Lamar Jackson,COMPLETE,8.629459564,4.874184946,4,4:00:00 AM,"(4:00) (No Huddle, Shotgun) L.Jackson pass short right to M.Andrews to BLT 45 for 5 yards (A.Hitchens)."
2019-09-22,2019092204,baltimore-ravens,3,Lamar Jackson,COMPLETE,-12.08065109,4.40539496,4,3:41:00 AM,"(3:41) (No Huddle, Shotgun) L.Jackson pass short left to W.Snead to KC 44 for 11 yards (K.Fuller)."
2019-09-22,2019092204,baltimore-ravens,3,Lamar Jackson,COMPLETE,-12.25045693,-0.738003587,4,3:17:00 AM,"(3:17) (No Huddle, Shotgun) L.Jackson pass short left to M.Ingram to KC 31 for 13 yards (D.Sorensen)."
2019-09-22,2019092204,baltimore-ravens,3,Lamar Jackson,COMPLETE,-17.08593225,-3.562622309,4,2:47:00 AM,"(2:47) (No Huddle, Shotgun) L.Jackson pass short left to G.Edwards pushed ob at KC 21 for 10 yards (C.Ward)."
2019-09-22,2019092204,baltimore-ravens,3,Lamar Jackson,INCOMPLETE,-25.27200912,23.601068,4,2:41:00 AM,(2:41) (Shotgun) L.Jackson pass incomplete deep left to M.Boykin.
2019-09-22,2019092204,baltimore-ravens,3,Lamar Jackson,COMPLETE,-22.68278974,7.737149996,4,2:36:00 AM,(2:36) (Shotgun) L.Jackson pass short left to S.Roberts to KC 9 for 12 yards (C.Ward).
2019-09-22,2019092204,baltimore-ravens,3,Lamar Jackson,INCOMPLETE,-13.16881673,2.658691818,4,2:14:00 AM,"(2:14) (No Huddle, Shotgun) L.Jackson pass incomplete short left to M.Andrews."
2019-09-29,2020000000,baltimore-ravens,4,Lamar Jackson,COMPLETE,-19.4388,3.801122,1,2:45:00 AM,(2:45) (Shotgun) L.Jackson pass short left to M.Brown pushed ob at BLT 25 for 4 yards (T.Carrie).
2019-09-29,2020000000,baltimore-ravens,4,Lamar Jackson,COMPLETE,-19.4906,5.257917,1,2:19:00 AM,(2:19) (Shotgun) L.Jackson pass short left to M.Andrews pushed ob at BLT 32 for 7 yards (T.Carrie).
2019-09-29,2020000000,baltimore-ravens,4,Lamar Jackson,COMPLETE,-3.16364,8.64864,1,1:32:00 AM,(1:32) (Shotgun) L.Jackson pass short middle to W.Snead to CLV 49 for 11 yards (E.Murray).
2019-09-29,2020000000,baltimore-ravens,4,Lamar Jackson,INCOMPLETE,14.14554,8.984788,1,12:22:00 AM,(:22) (Shotgun) L.Jackson pass incomplete short right to M.Andrews.
2019-09-29,2020000000,baltimore-ravens,4,Lamar Jackson,COMPLETE,1.887473,-4.16513,2,9:45:00 AM,(9:45) (Shotgun) L.Jackson pass short middle to M.Brown pushed ob at 50 for 3 yards (J.Whitehead).
2019-09-29,2020000000,baltimore-ravens,4,Lamar Jackson,COMPLETE,13.0358,-3.8462,2,9:17:00 AM,(9:17) (Shotgun) L.Jackson pass short right to M.Ingram to 50 for no gain (T.Mitchell; J.Whitehead) [D.Lawrence].
2019-09-29,2020000000,baltimore-ravens,4,Lamar Jackson,INCOMPLETE,-26.6863,26.16809,2,8:32:00 AM,"(8:32) (Shotgun) L.Jackson pass deep left to C.Moore ran ob at CLV 24 for 26 yards. Cleveland challenged the pass completion ruling, and the play was REVERSED. (Shotgun) L.Jackson pass incomplete deep left to C.Moore."
2019-09-29,2020000000,baltimore-ravens,4,Lamar Jackson,TOUCHDOWN,-1.18245,12.45988,2,2:00:00 AM,"(2:00) (Shotgun) L.Jackson pass short middle to M.Boykin for 9 yards, TOUCHDOWN."
2019-09-29,2020000000,baltimore-ravens,4,Lamar Jackson,COMPLETE,-24.9823,17.68234,3,2:52:00 PM,(14:52) (Shotgun) L.Jackson pass deep left to M.Boykin ran ob at BLT 33 for 18 yards (T.Carrie).
2019-09-29,2020000000,baltimore-ravens,4,Lamar Jackson,INCOMPLETE,20.68745,9.598684,3,11:23:00 AM,(11:23) (Shotgun) L.Jackson pass incomplete short right to M.Brown (M.Wilson).
2019-09-29,2020000000,baltimore-ravens,4,Lamar Jackson,COMPLETE,-0.31042,5.027477,3,9:41:00 AM,(9:41) (Shotgun) L.Jackson pass short middle to N.Boyle to BLT 34 for 9 yards (M.Wilson; J.Schobert).
2019-09-29,2020000000,baltimore-ravens,4,Lamar Jackson,COMPLETE,-18.8432,4.543255,3,7:35:00 AM,(7:35) (Shotgun) L.Jackson pass short left to S.Roberts to CLV 35 for 10 yards (S.Richardson).
2019-09-29,2020000000,baltimore-ravens,4,Lamar Jackson,COMPLETE,-5.24083,13.54017,3,12:47:00 AM,(:47) (Shotgun) L.Jackson pass short middle to S.Roberts to BLT 40 for 15 yards (T.Carrie).
2019-09-29,2020000000,baltimore-ravens,4,Lamar Jackson,COMPLETE,21.46125,3.005801,3,12:09:00 AM,(:09) (Shotgun) L.Jackson pass short right to M.Andrews pushed ob at BLT 45 for 5 yards (M.Wilson).
2019-09-29,2020000000,baltimore-ravens,4,Lamar Jackson,INCOMPLETE,-2.49114,10.06487,4,3:00:00 PM,(15:00) (Shotgun) L.Jackson pass incomplete short middle to M.Brown.
2019-09-29,2020000000,baltimore-ravens,4,Lamar Jackson,COMPLETE,2.232448,7.070446,4,1:43:00 PM,(13:43) (Shotgun) L.Jackson pass short middle to M.Andrews to CLV 40 for 11 yards (D.Randall).
2019-09-29,2020000000,baltimore-ravens,4,Lamar Jackson,COMPLETE,21.76377,1.05813,4,12:36:00 PM,(12:36) (Shotgun) L.Jackson pass short right to G.Edwards to CLV 30 for 8 yards (M.Wilson).
2019-09-29,2020000000,baltimore-ravens,4,Lamar Jackson,COMPLETE,8.702685,4.108119,4,11:38:00 AM,"(11:38) (No Huddle, Shotgun) L.Jackson pass short middle to J.Hill to CLV 11 for 5 yards (J.Whitehead) [O.Vernon]."
2019-09-29,2020000000,baltimore-ravens,4,Lamar Jackson,COMPLETE,23.3256,5.363313,4,11:04:00 AM,(11:04) (Shotgun) L.Jackson pass short right to M.Brown pushed ob at CLV 6 for 5 yards (T.Mitchell).
2019-09-29,2020000000,baltimore-ravens,4,Lamar Jackson,INCOMPLETE,4.961674,16.08596,4,10:00:00 AM,(10:00) (Shotgun) L.Jackson pass incomplete short middle to M.Brown.
2019-09-29,2020000000,baltimore-ravens,4,Lamar Jackson,TOUCHDOWN,7.167274,14.3924,4,9:55:00 AM,"(9:55) (Shotgun) L.Jackson pass short middle to M.Andrews for 8 yards, TOUCHDOWN."
2019-09-29,2020000000,baltimore-ravens,4,Lamar Jackson,INCOMPLETE,,,4,9:30:00 AM,(9:30) (Shotgun) L.Jackson pass incomplete short right. Jackson throws ball away to avoid sack.
2019-09-29,2020000000,baltimore-ravens,4,Lamar Jackson,COMPLETE,-18.1762,2.589415,4,9:22:00 AM,(9:22) (Shotgun) L.Jackson pass short left to S.Roberts pushed ob at BLT 28 for 4 yards (T.Carrie).
2019-09-29,2020000000,baltimore-ravens,4,Lamar Jackson,INCOMPLETE,-18.117,9.557847,4,8:19:00 AM,(8:19) (Shotgun) L.Jackson pass incomplete short left to M.Andrews.
2019-09-29,2020000000,baltimore-ravens,4,Lamar Jackson,COMPLETE,24.32976,10.20316,4,6:56:00 AM,(6:56) (Shotgun) L.Jackson pass short right to M.Brown pushed ob at BLT 35 for 10 yards (T.Mitchell).
2019-09-29,2020000000,baltimore-ravens,4,Lamar Jackson,COMPLETE,-12.6188,-5.37597,4,6:41:00 AM,"(6:41) (No Huddle, Shotgun) L.Jackson pass short left to J.Hill to BLT 39 for 4 yards (J.Schobert). CLV-S.Richardson was injured during the play."
2019-09-29,2020000000,baltimore-ravens,4,Lamar Jackson,COMPLETE,-20.2307,7.913095,4,6:26:00 AM,"(6:26) (No Huddle, Shotgun) L.Jackson pass short left to S.Roberts to BLT 46 for 7 yards (E.Murray)."
2019-09-29,2020000000,baltimore-ravens,4,Lamar Jackson,INTERCEPTION,0.819939,53.89469,4,6:02:00 AM,"(6:02) (No Huddle, Shotgun) L.Jackson pass deep middle intended for M.Andrews INTERCEPTED by J.Whitehead at CLV 00. Touchback."
2019-09-29,2020000000,baltimore-ravens,4,Lamar Jackson,INCOMPLETE,25.25063,10.16349,4,5:30:00 AM,(5:30) (Shotgun) L.Jackson pass incomplete short right to S.Roberts.
2019-09-29,2020000000,baltimore-ravens,4,Lamar Jackson,INTERCEPTION,-5.9701,-1.99588,4,5:27:00 AM,(5:27) (Shotgun) L.Jackson pass short left intended for M.Andrews INTERCEPTED by D.Lawrence at BLT 39. D.Lawrence to BLT 39 for no gain (B.Bozeman).
2019-09-29,2020000000,baltimore-ravens,4,Lamar Jackson,COMPLETE,-17.5954,5.749767,4,2:09:00 AM,(2:09) (Shotgun) L.Jackson pass short left to M.Boykin to BLT 26 for 5 yards (T.Carrie).
2019-09-29,2020000000,baltimore-ravens,4,Lamar Jackson,COMPLETE,4.983884,6.998861,4,1:37:00 AM,"(1:37) (No Huddle, Shotgun) L.Jackson pass short middle to H.Hurst to BLT 26 for 10 yards (M.Wilson; J.Schobert)."
2019-09-29,2020000000,baltimore-ravens,4,Lamar Jackson,COMPLETE,6.57074,10.12156,4,1:09:00 AM,"(1:09) (No Huddle, Shotgun) L.Jackson pass short middle to H.Hurst to CLV 45 for 29 yards (J.Whitehead)."
2019-09-29,2020000000,baltimore-ravens,4,Lamar Jackson,TOUCHDOWN,-14.831,6.104497,4,12:40:00 AM,"(:40) (No Huddle, Shotgun) L.Jackson pass short left to W.Snead for 50 yards, TOUCHDOWN."
2019-10-06,2019100607,baltimore-ravens,5,Lamar Jackson,COMPLETE,-4.201885608,8.099520632,1,10:21,"(10:21) (Shotgun) L.Jackson pass short middle to M.Andrews to PIT 25 for 10 yards (K.Kelly, M.Fitzpatrick)."
2019-10-06,2019100607,baltimore-ravens,5,Lamar Jackson,INCOMPLETE,-2.080311811,12.40033753,1,07:29,(7:29) (Shotgun) L.Jackson pass incomplete short middle to M.Brown (C.Sutton).
2019-10-06,2019100607,baltimore-ravens,5,Lamar Jackson,COMPLETE,7.862064112,-1.673867377,1,02:41,(2:41) (Shotgun) L.Jackson pass short right to M.Ingram pushed ob at BLT 29 for 4 yards (Te.Edmunds).
2019-10-06,2019100607,baltimore-ravens,5,Lamar Jackson,INCOMPLETE,-4.647539868,5.230011758,1,00:56,"(:56) (Shotgun) L.Jackson pass incomplete short middle to M.Brown (B.Dupree). Penalty on BLT-O.Brown, Ineligible Downfield Pass, declined."
2019-10-06,2019100607,baltimore-ravens,5,Lamar Jackson,COMPLETE,-3.578929639,2.398033915,1,00:52,(:52) (Shotgun) L.Jackson pass short middle to M.Brown to BLT 44 for 8 yards (D.Bush).
2019-10-06,2019100607,baltimore-ravens,5,Lamar Jackson,COMPLETE,6.249335829,3.66908859,2,14:25,"(14:25) (Shotgun) L.Jackson pass short right to H.Hurst to PIT 36 for 11 yards (J.Haden, M.Barron)."
2019-10-06,2019100607,baltimore-ravens,5,Lamar Jackson,COMPLETE,-16.75967476,2.573251715,2,13:04,(13:04) (Shotgun) L.Jackson pass short left to H.Hurst to PIT 35 for 2 yards (M.Barron).
2019-10-06,2019100607,baltimore-ravens,5,Lamar Jackson,COMPLETE,-3.521265637,5.420108436,2,12:21,(12:21) (Shotgun) L.Jackson pass short middle to M.Andrews to PIT 11 for 24 yards (Te.Edmunds; S.Nelson).
2019-10-06,2019100607,baltimore-ravens,5,Lamar Jackson,INCOMPLETE,19.74401287,14.333876,2,11:32,(11:32) (Shotgun) L.Jackson pass incomplete short right to W.Snead (S.Nelson). Coverage by 22-Nelson.
2019-10-06,2019100607,baltimore-ravens,5,Lamar Jackson,TOUCHDOWN,9.38566198,14.97257711,2,11:26,"(11:26) (Shotgun) L.Jackson pass short right to M.Brown for 11 yards, TOUCHDOWN."
2019-10-06,2019100607,baltimore-ravens,5,Lamar Jackson,COMPLETE,17.47578348,-4.990851118,2,07:31,(7:31) (Shotgun) L.Jackson pass short right to M.Ingram to BLT 11 for 1 yard (V.Williams; J.Haden).
2019-10-06,2019100607,baltimore-ravens,5,Lamar Jackson,INTERCEPTION,-3.298245556,14.57222197,2,06:50,(6:50) (Shotgun) L.Jackson pass short middle intended for M.Andrews INTERCEPTED by K.Kelly at BLT 26. K.Kelly to BLT 16 for 10 yards (M.Andrews).
2019-10-06,2019100607,baltimore-ravens,5,Lamar Jackson,INTERCEPTION,-24.89455626,6.280984846,2,00:36,(:36) (Shotgun) L.Jackson pass short left intended for S.Roberts INTERCEPTED by M.Hilton at BLT 26. M.Hilton ran ob at BLT 25 for 1 yard.
2019-10-06,2019100607,baltimore-ravens,5,Lamar Jackson,COMPLETE,2.679515465,5.280227317,3,10:21,(10:21) (Shotgun) L.Jackson pass short middle to M.Andrews to PIT 49 for 7 yards (Te.Edmunds) [C.Heyward].
2019-10-06,2019100607,baltimore-ravens,5,Lamar Jackson,INTERCEPTION,-10.34519107,29.62855093,3,08:28,"(8:28) (Shotgun) L.Jackson pass deep middle intended for N.Boyle INTERCEPTED by D.Bush at PIT 13. D.Bush to PIT 13 for no gain (N.Boyle). The Replay Official reviewed the interception ruling, and the play was Upheld. The ruling on the field stands."
2019-10-06,2019100607,baltimore-ravens,5,Lamar Jackson,COMPLETE,-6.137478204,3.969534594,3,03:05,(3:05) (Shotgun) L.Jackson pass short left to H.Hurst to BLT 41 for 13 yards (J.Haden).
2019-10-06,2019100607,baltimore-ravens,5,Lamar Jackson,COMPLETE,26.33083661,6.368165785,3,02:19,(2:19) (Shotgun) L.Jackson pass short right to H.Hurst ran ob at BLT 47 for 6 yards.
2019-10-06,2019100607,baltimore-ravens,5,Lamar Jackson,COMPLETE,-8.03042562,7.154007704,3,01:01,(1:01) (Shotgun) L.Jackson pass short left to W.Snead to PIT 47 for 9 yards (D.Bush).
2019-10-06,2019100607,baltimore-ravens,5,Lamar Jackson,COMPLETE,-10.78024655,11.78583994,3,00:24,(:24) (Shotgun) L.Jackson pass short left to W.Snead to PIT 24 for 23 yards (M.Hilton).
2019-10-06,2019100607,baltimore-ravens,5,Lamar Jackson,COMPLETE,-6.810868454,3.304798148,4,13:40,(13:40) (Shotgun) L.Jackson pass short middle to M.Brown to PIT 9 for 3 yards (T.Matakevich).
2019-10-06,2019100607,baltimore-ravens,5,Lamar Jackson,COMPLETE,-19.91967662,3.39682769,4,12:51,(12:51) (Shotgun) L.Jackson pass short left to W.Snead pushed ob at PIT 14 for 5 yards (M.Hilton).
2019-10-06,2019100607,baltimore-ravens,5,Lamar Jackson,COMPLETE,-2.435862359,4.193578213,4,12:26,(12:26) (Shotgun) L.Jackson pass short middle to G.Edwards to PIT 8 for 6 yards (M.Fitzpatrick).
2019-10-06,2019100607,baltimore-ravens,5,Lamar Jackson,INCOMPLETE,-5.413125044,7.603714826,4,07:14,(7:14) (Shotgun) L.Jackson pass incomplete short left to M.Andrews (M.Fitzpatrick). BLT-M.Andrews was injured during the play.
2019-10-06,2019100607,baltimore-ravens,5,Lamar Jackson,INCOMPLETE,-9.071615231,4.073291802,4,07:09,(7:09) (Shotgun) L.Jackson pass incomplete short left to N.Boyle (V.Williams).
2019-10-06,2019100607,baltimore-ravens,5,Lamar Jackson,COMPLETE,0.758244899,7.346774101,4,02:24,"(2:24) (Shotgun) L.Jackson pass short middle to W.Snead to PIT 44 for 14 yards (M.Fitzpatrick, V.Williams)."
2019-10-06,2019100607,baltimore-ravens,5,Lamar Jackson,COMPLETE,18.44793856,4.148859721,4,01:03,(1:03) (Shotgun) L.Jackson pass short right to M.Andrews to PIT 27 for 3 yards (V.Williams).
2019-10-06,2019100607,baltimore-ravens,5,Lamar Jackson,INCOMPLETE,-29,36,4,00:20,"(:20) (Shotgun) L.Jackson pass incomplete deep left to S.Roberts. Coverage by 22-Nelson, 39-Fitzpatrick."
2019-10-06,2019100607,baltimore-ravens,5,Lamar Jackson,COMPLETE,-14.60254716,-0.819858907,5,08:36,"(8:36) (Shotgun) L.Jackson pass short left to M.Andrews to BLT 21 for 1 yard (K.Kelly). Penalty on BLT, Illegal Shift, declined."
2019-10-13,2020000000,baltimore-ravens,6,Lamar Jackson,COMPLETE,17.48276,1.257273,1,12:15:00 PM,(12:15) (Shotgun) L.Jackson pass short right to H.Hurst to CIN 21 for 4 yards (N.Vigil).
2019-10-13,2020000000,baltimore-ravens,6,Lamar Jackson,INCOMPLETE,-5.79664,12.32716,1,09:42:00 AM,(9:42) (Shotgun) L.Jackson pass incomplete short middle to M.Andrews.
2019-10-13,2020000000,baltimore-ravens,6,Lamar Jackson,COMPLETE,-5.14665,-4.70334,1,09:38:00 AM,(9:38) (Shotgun) L.Jackson pass short left to M.Ingram to CIN 41 for 11 yards (A.Brown).
2019-10-13,2020000000,baltimore-ravens,6,Lamar Jackson,COMPLETE,-2.79636,3.78003,1,08:21:00 AM,(8:21) (Shotgun) L.Jackson pass short middle to C.Moore to CIN 45 for 5 yards (N.Vigil).
2019-10-13,2020000000,baltimore-ravens,6,Lamar Jackson,COMPLETE,-20.7612,7.964201,1,07:39:00 AM,(7:39) (Shotgun) L.Jackson pass short left to M.Andrews pushed ob at CIN 25 for 20 yards (G.Pratt).
2019-10-13,2020000000,baltimore-ravens,6,Lamar Jackson,COMPLETE,-13.8699,7.512541,1,06:43:00 AM,(6:43) (Shotgun) L.Jackson pass short middle to M.Boykin to CIN 12 for 18 yards (D.Kirkpatrick; W.Jackson III).
2019-10-13,2020000000,baltimore-ravens,6,Lamar Jackson,COMPLETE,5.944949,0.607249,1,02:50:00 AM,(2:50) (Shotgun) L.Jackson pass short right to N.Boyle to BLT 30 for 9 yards (S.Williams).
2019-10-13,2020000000,baltimore-ravens,6,Lamar Jackson,COMPLETE,12.19199,19.3142,1,01:05:00 AM,(1:05) (Shotgun) L.Jackson pass deep middle to M.Andrews pushed ob at CIN 24 for 39 yards (J.Bates III). CIN-D.Kirkpatrick was injured during the play.
2019-10-13,2020000000,baltimore-ravens,6,Lamar Jackson,INCOMPLETE,26.54744,27.72282,1,12:32:00 AM,(:32) (Shotgun) L.Jackson pass incomplete deep right to C.Moore.
2019-10-13,2020000000,baltimore-ravens,6,Lamar Jackson,INCOMPLETE,NA,NA,2,03:00:00 PM,(15:00) (Shotgun) L.Jackson pass incomplete deep left. Jackson throws ball away to avoid sack.
2019-10-13,2020000000,baltimore-ravens,6,Lamar Jackson,COMPLETE,14.4942,10.03429,2,10:35:00 AM,(10:35) L.Jackson pass short right to M.Boykin to BLT 18 for 10 yards (J.Bates III).
2019-10-13,2020000000,baltimore-ravens,6,Lamar Jackson,COMPLETE,-8.28014,5.328717,2,07:51:00 AM,(7:51) (Shotgun) L.Jackson pass short middle to M.Andrews to CIN 43 for 7 yards (W.Jackson III).
2019-10-13,2020000000,baltimore-ravens,6,Lamar Jackson,INCOMPLETE,-10.0859,13.12561,2,06:34:00 AM,(6:34) (Shotgun) L.Jackson pass incomplete short middle to W.Snead (J.Bates III).
2019-10-13,2020000000,baltimore-ravens,6,Lamar Jackson,COMPLETE,-2.61035,-1.81846,2,02:18:00 AM,(2:18) L.Jackson pass short left to P.Ricard to BLT 28 for 6 yards (G.Pratt).
2019-10-13,2020000000,baltimore-ravens,6,Lamar Jackson,COMPLETE,14.63321,5.382811,2,02:00:00 AM,(2:00) (Shotgun) L.Jackson pass short right to M.Andrews to BLT 36 for 8 yards (S.Williams).
2019-10-13,2020000000,baltimore-ravens,6,Lamar Jackson,COMPLETE,8.229485,7.018753,2,01:36:00 AM,"(1:36) (Shotgun) L.Jackson pass short middle to M.Andrews to BLT 44 for 16 yards (B.Wilson). FUMBLES (B.Wilson), RECOVERED by CIN-N.Vigil at BLT 46. N.Vigil to BLT 39 for 7 yards (J.Hill)."
2019-10-13,2020000000,baltimore-ravens,6,Lamar Jackson,COMPLETE,-17.4373,1.603028,2,12:36:00 AM,(:36) (Shotgun) L.Jackson pass short left to W.Snead pushed ob at BLT 30 for 5 yards (W.Jackson III).
2019-10-13,2020000000,baltimore-ravens,6,Lamar Jackson,COMPLETE,-15.8308,3.517351,2,12:31:00 AM,(:31) (Shotgun) L.Jackson pass short left to W.Snead to BLT 40 for 10 yards (C.Lawson).
2019-10-13,2020000000,baltimore-ravens,6,Lamar Jackson,INCOMPLETE,NA,NA,2,12:15:00 AM,(:15) L.Jackson spiked the ball to stop the clock.
2019-10-13,2020000000,baltimore-ravens,6,Lamar Jackson,INCOMPLETE,-20.0215,22.50672,2,12:15:00 AM,(:15) (Shotgun) L.Jackson pass incomplete deep left to M.Boykin.
2019-10-13,2020000000,baltimore-ravens,6,Lamar Jackson,INCOMPLETE,5.316652,5.124927,3,03:00:00 PM,(15:00) (Shotgun) L.Jackson pass incomplete short middle to N.Boyle (N.Vigil).
2019-10-13,2020000000,baltimore-ravens,6,Lamar Jackson,COMPLETE,10.00701,3.104431,3,02:56:00 PM,(14:56) (Shotgun) L.Jackson pass short middle to W.Snead to BLT 43 for 3 yards (P.Brown).
2019-10-13,2020000000,baltimore-ravens,6,Lamar Jackson,COMPLETE,-2.5751,8.579764,3,02:08:00 PM,(14:08) (Shotgun) L.Jackson pass short middle to M.Andrews to CIN 48 for 9 yards (T.McTyer).
2019-10-13,2020000000,baltimore-ravens,6,Lamar Jackson,INCOMPLETE,9.133403,7.403787,3,11:56:00 AM,(11:56) (Shotgun) L.Jackson pass incomplete short middle to M.Andrews (L.Reynolds).
2019-10-13,2020000000,baltimore-ravens,6,Lamar Jackson,COMPLETE,1.468041,0.75733,3,05:37:00 AM,(5:37) (Shotgun) L.Jackson pass short middle to M.Ingram to BLT 27 for 11 yards (T.McRae).
2019-10-13,2020000000,baltimore-ravens,6,Lamar Jackson,COMPLETE,-16.4693,6.961641,3,03:38:00 AM,(3:38) (Shotgun) L.Jackson pass short left to S.Roberts to BLT 41 for 7 yards (T.McRae).
2019-10-13,2020000000,baltimore-ravens,6,Lamar Jackson,COMPLETE,14.41729,3.337886,3,01:43:00 AM,(1:43) (Shotgun) L.Jackson pass short right to S.Roberts to CIN 35 for 16 yards (S.Hubbard).
2019-10-13,2020000000,baltimore-ravens,6,Lamar Jackson,INCOMPLETE,-20.7841,-5.70547,3,12:22:00 AM,(:22) (Shotgun) L.Jackson pass incomplete short left.
2019-10-13,2020000000,baltimore-ravens,6,Lamar Jackson,INCOMPLETE,NA,NA,3,12:15:00 AM,(:15) (Shotgun) L.Jackson pass incomplete deep right. Jackson throws ball away.
2019-10-13,2020000000,baltimore-ravens,6,Lamar Jackson,COMPLETE,-5.90613,7.48228,4,12:36:00 PM,(12:36) (Shotgun) L.Jackson pass short middle to C.Moore to BLT 35 for 13 yards (J.Bates III).
2019-10-13,2020000000,baltimore-ravens,6,Lamar Jackson,INCOMPLETE,-12.1249,20.27434,4,08:40:00 AM,(8:40) (Shotgun) L.Jackson pass incomplete deep left to W.Snead.
2019-10-13,2020000000,baltimore-ravens,6,Lamar Jackson,COMPLETE,-17.757,11.17068,4,05:30:00 AM,"(5:30) L.Jackson pass short left to N.Boyle to CIN 12 for 9 yards (N.Vigil, P.Brown)."
2019-10-13,2020000000,baltimore-ravens,6,Lamar Jackson,INCOMPLETE,-14.0204,0.36067,4,03:52:00 AM,(3:52) (Shotgun) L.Jackson pass incomplete short left to N.Boyle.
2019-10-20,2019102010,baltimore-ravens,7,Lamar Jackson,COMPLETE,-16.88861835,9.547420723,1,2:20:00 PM,(14:20) (Shotgun) L.Jackson pass short left to S.Roberts to BLT 31 for 9 yards (T.Flowers).
2019-10-20,2019102010,baltimore-ravens,7,Lamar Jackson,COMPLETE,-21.99079232,4.917109085,1,1:40:00 PM,(13:40) (Shotgun) L.Jackson pass short left to M.Boykin pushed ob at BLT 36 for 5 yards (T.Flowers).
2019-10-20,2019102010,baltimore-ravens,7,Lamar Jackson,COMPLETE,10.87109607,47.59996585,1,1:13:00 PM,(13:13) (Shotgun) L.Jackson pass deep right to M.Boykin to SEA 14 for 50 yards (T.Thompson).
2019-10-20,2019102010,baltimore-ravens,7,Lamar Jackson,COMPLETE,16.07332922,-2.014713474,1,8:35:00 AM,(8:35) (Shotgun) L.Jackson pass short right to C.Moore pushed ob at BLT 31 for 3 yards (M.Kendricks).
2019-10-20,2019102010,baltimore-ravens,7,Lamar Jackson,INCOMPLETE,-7.989457017,6.015647797,1,6:06:00 AM,(6:06) (Shotgun) L.Jackson pass incomplete short middle to M.Andrews.
2019-10-20,2019102010,baltimore-ravens,7,Lamar Jackson,INCOMPLETE,11.27863231,7.822739834,1,6:02:00 AM,(6:02) (Shotgun) L.Jackson pass incomplete short right to W.Snead (K.Wright).
2019-10-20,2019102010,baltimore-ravens,7,Lamar Jackson,INCOMPLETE,-24.68141367,14.22470147,2,2:46:00 PM,(14:46) L.Jackson pass incomplete short left to S.Roberts (T.Flowers).
2019-10-20,2019102010,baltimore-ravens,7,Lamar Jackson,COMPLETE,15.73454315,28.13126304,2,12:40:00 PM,(12:40) (Shotgun) L.Jackson pass deep right to M.Andrews to SEA 12 for 33 yards (K.Wright).
2019-10-20,2019102010,baltimore-ravens,7,Lamar Jackson,INCOMPLETE,3.45368484,0.06449245,2,11:18:00 AM,(11:18) (Shotgun) L.Jackson pass incomplete short middle to H.Hurst.
2019-10-20,2019102010,baltimore-ravens,7,Lamar Jackson,INCOMPLETE,-6.558915325,9.519544712,2,11:14:00 AM,"(11:14) (Shotgun) L.Jackson pass incomplete short middle to M.Andrews (B.Wagner). Penalty on BLT-R.Stanley, Illegal Formation, declined."
2019-10-20,2019102010,baltimore-ravens,7,Lamar Jackson,INCOMPLETE,12.88775845,10.37932206,2,7:35:00 AM,(7:35) (Shotgun) L.Jackson pass incomplete short right to S.Roberts.
2019-10-20,2019102010,baltimore-ravens,7,Lamar Jackson,INCOMPLETE,-12.72463526,8.616970278,3,12:13:00 PM,(12:13) (Shotgun) L.Jackson pass incomplete short left to S.Roberts.
2019-10-20,2019102010,baltimore-ravens,7,Lamar Jackson,COMPLETE,-12.41405956,6.069768401,3,12:10:00 PM,(12:10) (Shotgun) L.Jackson pass short left to M.Andrews to BLT 22 for 6 yards (T.Flowers).
2019-10-20,2019102010,baltimore-ravens,7,Lamar Jackson,COMPLETE,24.55099242,10.99799688,3,5:31:00 AM,(5:31) (Shotgun) L.Jackson pass short right to H.Hurst pushed ob at SEA 42 for 10 yards (Sq.Griffin).
2019-10-20,2019102010,baltimore-ravens,7,Lamar Jackson,INCOMPLETE,-7.259347406,19.30241156,3,2:15:00 AM,(2:15) (Shotgun) L.Jackson pass incomplete deep middle to M.Andrews (K.Wright).
2019-10-20,2019102010,baltimore-ravens,7,Lamar Jackson,INCOMPLETE,9.230310684,6.624861949,3,2:10:00 AM,(2:10) (Shotgun) L.Jackson pass incomplete short right to M.Andrews.
2019-10-20,2019102010,baltimore-ravens,7,Lamar Jackson,INCOMPLETE,6.912535104,13.370829,4,12:13:00 PM,(12:13) (Shotgun) L.Jackson pass incomplete short middle to M.Andrews.
2019-10-20,2019102010,baltimore-ravens,7,Lamar Jackson,COMPLETE,7.600075238,-1.927125023,4,12:08:00 PM,"(12:08) (Shotgun) L.Jackson pass short right to M.Ingram to BLT 12 for 7 yards (P.Ford, B.Wagner)."
2019-10-20,2019102010,baltimore-ravens,7,Lamar Jackson,COMPLETE,8.191428253,-1.811158157,4,7:13:00 AM,(7:13) L.Jackson pass short right to N.Boyle to SEA 7 for 20 yards (M.Blair).
2019-11-03,2019110311,baltimore-ravens,9,Lamar Jackson,COMPLETE,15.41946494,0.18,1,03:00:00 PM,(15:00) (Shotgun) L.Jackson pass short right to N.Boyle to BLT 27 for 2 yards (J.McCourty).
2019-11-03,2019110311,baltimore-ravens,9,Lamar Jackson,COMPLETE,-1.809966053,6.375937308,1,01:47:00 PM,(13:47) (Shotgun) L.Jackson pass short middle to M.Brown to BLT 36 for 6 yards (S.Calhoun) [K.Van Noy].
2019-11-03,2019110311,baltimore-ravens,9,Lamar Jackson,COMPLETE,2.739397153,-4.225117899,1,12:32:00 PM,(12:32) (Shotgun) L.Jackson pass short middle to M.Brown pushed ob at NE 25 for 26 yards (D.McCourty).
2019-11-03,2019110311,baltimore-ravens,9,Lamar Jackson,COMPLETE,-15.45877681,-0.5246425029,1,11:21:00 AM,(11:21) (Shotgun) L.Jackson pass short left to H.Hurst pushed ob at NE 13 for 7 yards (D.Hightower).
2019-11-03,2019110311,baltimore-ravens,9,Lamar Jackson,COMPLETE,3.504256208,4.638281979,1,07:09:00 AM,"(7:09) (Shotgun) L.Jackson pass short middle to H.Hurst to BLT 47 for 8 yards (E.Roberts, P.Chung)."
2019-11-03,2019110311,baltimore-ravens,9,Lamar Jackson,INCOMPLETE,-8.357289427,7.208716653,1,06:27:00 AM,(6:27) (Shotgun) L.Jackson pass incomplete short middle to M.Boykin (J.McCourty).
2019-11-03,2019110311,baltimore-ravens,9,Lamar Jackson,COMPLETE,-17.20943359,-0.5789678667,1,06:22:00 AM,(6:22) (Shotgun) L.Jackson pass short left to M.Andrews pushed ob at 50 for 3 yards (J.McCourty).
2019-11-03,2019110311,baltimore-ravens,9,Lamar Jackson,INCOMPLETE,-1.115251096,3.593684387,1,02:38:00 AM,(2:38) (Shotgun) L.Jackson pass incomplete short left to S.Roberts.
2019-11-03,2019110311,baltimore-ravens,9,Lamar Jackson,COMPLETE,-3.609712716,7.451273007,1,12:41:00 AM,(:41) (Shotgun) L.Jackson pass short middle to N.Boyle to BLT 30 for 7 yards (P.Chung).
2019-11-03,2019110311,baltimore-ravens,9,Lamar Jackson,INCOMPLETE,-24.70258067,32.73424596,2,11:27:00 AM,(11:27) (Shotgun) L.Jackson pass incomplete deep left to M.Andrews.
2019-11-03,2019110311,baltimore-ravens,9,Lamar Jackson,COMPLETE,-10.2455807,2.68675812,2,03:36:00 AM,(3:36) (Shotgun) L.Jackson pass short middle to W.Snead to BLT 27 for 8 yards (D.Hightower).
2019-11-03,2019110311,baltimore-ravens,9,Lamar Jackson,COMPLETE,-16.47722809,0.4840346256,2,02:00:00 AM,(2:00) (Shotgun) L.Jackson pass short left to N.Boyle pushed ob at BLT 34 for 5 yards (D.Hightower).
2019-11-03,2019110311,baltimore-ravens,9,Lamar Jackson,INCOMPLETE,-5.989822667,2.453938234,2,01:56:00 AM,(1:56) (Shotgun) L.Jackson pass incomplete short middle to M.Brown (A.Butler).
2019-11-03,2019110311,baltimore-ravens,9,Lamar Jackson,INCOMPLETE,25.51282042,6.195653933,3,07:57:00 AM,(7:57) (Shotgun) L.Jackson pass incomplete short right to M.Ingram.
2019-11-03,2019110311,baltimore-ravens,9,Lamar Jackson,COMPLETE,-17.10591608,15.37093789,3,07:16:00 AM,(7:16) (Shotgun) L.Jackson pass deep left to M.Andrews to BLT 42 for 18 yards (T.Brooks).
2019-11-03,2019110311,baltimore-ravens,9,Lamar Jackson,COMPLETE,18.90590064,-0.7954416334,3,05:58:00 AM,(5:58) (Shotgun) L.Jackson pass short right to P.Ricard to NE 44 for 8 yards (D.McCourty; D.Hightower).
2019-11-03,2019110311,baltimore-ravens,9,Lamar Jackson,INCOMPLETE,26.5814523,17.83039142,3,04:30:00 AM,(4:30) (Shotgun) L.Jackson pass incomplete deep right to J.Hill.
2019-11-03,2019110311,baltimore-ravens,9,Lamar Jackson,COMPLETE,24.45773978,7.608350144,3,03:33:00 AM,(3:33) (Shotgun) L.Jackson pass short right to W.Snead to NE 31 for 7 yards (J.McCourty).
2019-11-03,2019110311,baltimore-ravens,9,Lamar Jackson,COMPLETE,4.091587934,6.209853932,3,01:52:00 AM,(1:52) (Shotgun) L.Jackson pass short middle to M.Brown pushed ob at NE 16 for 16 yards (J.Collins).
2019-11-03,2019110311,baltimore-ravens,9,Lamar Jackson,TOUCHDOWN,-13.71889131,2.297262922,4,03:00:00 PM,"(15:00) (Shotgun) L.Jackson pass short left to N.Boyle for 5 yards, TOUCHDOWN [L.Guy]."
2019-11-03,2019110311,baltimore-ravens,9,Lamar Jackson,COMPLETE,-9.453475669,3.010214788,4,12:12:00 PM,(12:12) (Shotgun) L.Jackson pass short middle to N.Boyle to BLT 38 for 8 yards (S.Gilmore).
2019-11-03,2019110311,baltimore-ravens,9,Lamar Jackson,COMPLETE,12.45443676,0.4359235885,4,09:48:00 AM,(9:48) (Shotgun) L.Jackson pass short right to M.Ingram pushed ob at NE 33 for 18 yards (D.Harmon).
2019-11-03,2019110311,baltimore-ravens,9,Lamar Jackson,COMPLETE,15.41946494,0.2332988594,4,07:02:00 AM,(7:02) (Shotgun) L.Jackson pass short right to M.Ingram pushed ob at NE 12 for 11 yards (D.Hightower).
2019-11-10,2019111001,baltimore-ravens,10,Lamar Jackson,COMPLETE,-6.080759642,39.82838067,1,03:00:00 PM,(15:00) (Shotgun) L.Jackson pass deep middle to M.Brown to CIN 26 for 49 yards (B.Webb).
2019-11-10,2019111001,baltimore-ravens,10,Lamar Jackson,COMPLETE,9.973388377,15.17331893,1,02:20:00 PM,(14:20) (Shotgun) L.Jackson pass deep right to M.Andrews to CIN 7 for 19 yards (J.Bates III).
2019-11-10,2019111001,baltimore-ravens,10,Lamar Jackson,COMPLETE,7.695512482,5.561475173,1,01:40:00 PM,(13:40) L.Jackson pass short middle to H.Hurst to CIN 1 for 6 yards (G.Pratt; N.Vigil).
2019-11-10,2019111001,baltimore-ravens,10,Lamar Jackson,TOUCHDOWN,13.19398397,2.460129836,1,12:22:00 PM,"(12:22) L.Jackson pass short right to M.Andrews for 2 yards, TOUCHDOWN."
2019-11-10,2019111001,baltimore-ravens,10,Lamar Jackson,COMPLETE,19.52927091,3.673073414,1,06:40:00 AM,(6:40) (Shotgun) L.Jackson pass short right to M.Andrews to CIN 40 for 4 yards (S.Williams).
2019-11-10,2019111001,baltimore-ravens,10,Lamar Jackson,COMPLETE,-2.707239839,12.1936348,1,05:27:00 AM,(5:27) (Shotgun) L.Jackson pass short left to N.Boyle to CIN 1 for 35 yards (S.Williams).
2019-11-10,2019111001,baltimore-ravens,10,Lamar Jackson,COMPLETE,9.470374025,-3.228208498,2,01:34:00 PM,(13:34) L.Jackson pass short right to M.Brown pushed ob at BLT 25 for no gain (P.Brown).
2019-11-10,2019111001,baltimore-ravens,10,Lamar Jackson,COMPLETE,19.33546387,11.56005755,2,01:04:00 PM,(13:04) (Shotgun) L.Jackson pass short right to H.Hurst pushed ob at BLT 39 for 14 yards (W.Jackson III).
2019-11-10,2019111001,baltimore-ravens,10,Lamar Jackson,COMPLETE,10.78337878,19.8474306,2,11:12:00 AM,(11:12) (Shotgun) L.Jackson pass deep middle to N.Boyle to CIN 18 for 25 yards (S.Williams).
2019-11-10,2019111001,baltimore-ravens,10,Lamar Jackson,TOUCHDOWN,-9.709221529,18.52391327,2,09:32:00 AM,"(9:32) (Shotgun) L.Jackson pass deep middle to M.Andrews for 17 yards, TOUCHDOWN."
2019-11-10,2019111001,baltimore-ravens,10,Lamar Jackson,INCOMPLETE,NA,NA,2,12:08:00 AM,(:08) L.Jackson spiked the ball to stop the clock.
2019-11-10,2019111001,baltimore-ravens,10,Lamar Jackson,COMPLETE,-9.588404272,4.684861446,2,12:07:00 AM,(:07) (Shotgun) L.Jackson pass short left to M.Andrews pushed ob at BLT 43 for 9 yards (S.Williams) [C.Lawson].
2019-11-10,2019111001,baltimore-ravens,10,Lamar Jackson,COMPLETE,1.605328705,11.42603573,3,09:33:00 AM,(9:33) (Shotgun) L.Jackson pass short middle to N.Boyle to BLT 46 for 10 yards (G.Pratt).
2019-11-10,2019111001,baltimore-ravens,10,Lamar Jackson,COMPLETE,13.49367709,-4.368196851,3,06:41:00 AM,(6:41) (Shotgun) L.Jackson pass short right to M.Brown pushed ob at CIN 22 for 11 yards (J.Bates III).
2019-11-10,2019111001,baltimore-ravens,10,Lamar Jackson,INCOMPLETE,16.68932836,23.01083396,3,06:09:00 AM,(6:09) (Shotgun) L.Jackson pass incomplete deep right to M.Andrews (Jo.Evans).
2019-11-10,2019111001,baltimore-ravens,10,Lamar Jackson,COMPLETE,-9.8186548,1.14345679,3,06:04:00 AM,(6:04) (Shotgun) L.Jackson pass short left to M.Andrews to CIN 20 for 2 yards (J.Bates III).
2019-11-10,2019111001,baltimore-ravens,10,Lamar Jackson,TOUCHDOWN,13.82614223,23.07779737,3,05:18:00 AM,"(5:18) (Shotgun) L.Jackson pass short right to M.Brown for 20 yards, TOUCHDOWN [S.Hubbard]."
